[
	{
		"title": "OneNode",
		"tags": "Tag",
		"body": "This is a test line",
		"position": {
			"x": -200,
			"y": -65
		},
		"colorID": 0
	},
	{
		"title": "ThreeNodes",
		"tags": "",
		"body": "This is a test line\nThis is another test line[[Option1]]\n[[Option2]]",
		"position": {
			"x": 128,
			"y": 274
		},
		"colorID": 0
	},
	{
		"title": "Option1",
		"tags": "",
		"body": "This is Option1's test line",
		"position": {
			"x": 585,
			"y": -156
		},
		"colorID": 0
	},
	{
		"title": "Option2",
		"tags": "",
		"body": "This is Option2's test line",
		"position": {
			"x": 607,
			"y": 688
		},
		"colorID": 0
	},
	{
		"title": "NamedLink",
		"tags": "",
		"body": "This is a test line\nThis is another test line\n[[First choice|Option1]]\n[[Second choice|Option2]]",
		"position": {
			"x": 1089,
			"y": 116
		},
		"colorID": 0
	},
	{
		"title": "OneLinkPassthrough",
		"tags": "",
		"body": "First test line\n[[Option1]]",
		"position": {
			"x": 148,
			"y": -139
		},
		"colorID": 0
	},
	{
		"title": "LinkAfterShortcuts",
		"tags": "",
		"body": "First test line\n-> Shortcut 1\n\tThis is the first shortcut\n-> Shortcut 2\n\tThis is the second shortcut\n[[First link|Option1]][[Second link|Option2]]",
		"position": {
			"x": 584,
			"y": 265
		},
		"colorID": 0
	}
]