[
	{
		"title": "Start",
		"tags": "err erg",
		"body": "A: Hey, I'm a character in a script!\n<<test>>\nB: And I am too! You are talking to me!\nB: What would you prefer to do next?\n\n[[Leave|Leave]]\n[[Learn more|LearnMore]]",
		"position": {
			"x": 283,
			"y": 207
		},
		"colorID": 0
	},
	{
		"title": "Leave",
		"tags": "ad ber",
		"body": "A: Oh, goodbye!\nB: You'll be back soon!",
		"position": {
			"x": 190,
			"y": 539
		},
		"colorID": 0
	},
	{
		"title": "LearnMore",
		"tags": "rawText",
		"body": "A: HAHAHA\nBlah blah more..",
		"position": {
			"x": 534,
			"y": 534
		},
		"colorID": 0
	}
]